Event_ID,Outcome,week_before_event,article_count,certainty_score_mean,certainty_score_sum,relevance_score_max,relevance_score_mean,relevance_score_min,relevance_score_std,rhetoric_score_max,rhetoric_score_mean,rhetoric_score_sum,sentiment_compound_max,sentiment_compound_mean,sentiment_compound_min,sentiment_compound_std
MEA_2011_SYRIA_CONFLICT,Conflict,-12,11,0.2727272727272727,3.0,2.0,0.9090909090909091,0.0,0.5393598899705937,5.0,0.8181818181818182,9.0,0.6576,-0.29414545454545454,-0.9475,0.6440753967722046
MEA_2011_SYRIA_CONFLICT,Conflict,-11,4,0.0,0.0,1.0,0.25,0.0,0.5,5.0,3.0,12.0,0.2732,-0.18717499999999998,-0.7096,0.5037898793147794
MEA_2011_SYRIA_CONFLICT,Conflict,-10,2,0.5,1.0,1.0,1.0,1.0,0.0,8.0,4.0,8.0,-0.8126,-0.89245,-0.9723,0.11292495295549172
MEA_2011_SYRIA_CONFLICT,Conflict,-9,2,0.5,1.0,0.0,0.0,0.0,0.0,1.0,0.5,1.0,-0.4588,-0.65345,-0.8481,0.2752766699159229
MEA_2011_SYRIA_CONFLICT,Conflict,-8,11,0.5454545454545454,6.0,2.0,0.36363636363636365,0.0,0.6741998624632421,4.0,0.7272727272727273,8.0,0.7959,-0.6105545454545455,-0.98,0.6487820225062287
MEA_2011_SYRIA_CONFLICT,Conflict,-7,3,1.0,3.0,1.0,1.0,1.0,0.0,3.0,1.0,3.0,0.9555,0.3597333333333333,-0.6669,0.8929053719926504
MEA_2011_SYRIA_CONFLICT,Conflict,-6,14,0.0,0.0,2.0,0.5,0.0,0.7595545253127499,3.0,0.9285714285714286,13.0,0.7479,-0.3044285714285714,-0.9756,0.5593136596670154
MEA_2011_SYRIA_CONFLICT,Conflict,-5,7,0.2857142857142857,2.0,1.0,0.2857142857142857,0.0,0.4879500364742666,2.0,0.5714285714285714,4.0,0.9253,-0.0921857142857143,-0.9061,0.6721401922926779
MEA_2011_SYRIA_CONFLICT,Conflict,-4,13,0.46153846153846156,6.0,2.0,0.38461538461538464,0.0,0.6504436355879909,6.0,1.7692307692307692,23.0,0.8138,-0.09724615384615384,-0.9583,0.6737741592642951
MEA_2011_SYRIA_CONFLICT,Conflict,-3,2,0.0,0.0,2.0,1.0,0.0,1.4142135623730951,8.0,4.5,9.0,-0.296,-0.62285,-0.9497,0.46223570286164617
MEA_2011_SYRIA_CONFLICT,Conflict,-2,6,0.3333333333333333,2.0,1.0,0.5,0.0,0.5477225575051661,5.0,1.1666666666666667,7.0,0.8658,0.036716666666666654,-0.9337,0.7751321988323454
MEA_2011_SYRIA_CONFLICT,Conflict,-1,3,0.3333333333333333,1.0,1.0,0.6666666666666666,0.0,0.5773502691896258,3.0,1.6666666666666667,5.0,-0.7351,-0.8783,-0.9845,0.12875107766539276
MEA_2015_YEMEN_CONFLICT,Conflict,-12,13,0.7692307692307693,10.0,2.0,0.46153846153846156,0.0,0.7762500258061849,5.0,0.46153846153846156,6.0,0.9761,0.03650000000000001,-0.9673,0.7546906242516421
MEA_2015_YEMEN_CONFLICT,Conflict,-11,28,0.2857142857142857,8.0,3.0,0.42857142857142855,0.0,0.8357108940373448,8.0,1.5357142857142858,43.0,0.8773,-0.32446785714285714,-0.9806,0.6634919297025573
MEA_2015_YEMEN_CONFLICT,Conflict,-10,55,0.3090909090909091,17.0,2.0,0.32727272727272727,0.0,0.5461835756561142,9.0,2.618181818181818,144.0,0.9818,-0.33429272727272724,-0.9948,0.6897543271324795
MEA_2015_YEMEN_CONFLICT,Conflict,-9,51,0.45098039215686275,23.0,3.0,0.6078431372549019,0.0,0.9608003199947223,10.0,1.2156862745098038,62.0,0.9403,-0.24884313725490198,-0.9897,0.6660216372626049
MEA_2015_YEMEN_CONFLICT,Conflict,-8,65,0.5846153846153846,38.0,3.0,0.7230769230769231,0.0,0.8005406826735193,6.0,0.6461538461538462,42.0,0.9731,-0.10600923076923077,-0.9623,0.6848615290523782
MEA_2015_YEMEN_CONFLICT,Conflict,-7,31,0.45161290322580644,14.0,3.0,0.8709677419354839,0.0,0.8847574237748626,6.0,1.2903225806451613,40.0,0.9425,-0.16073870967741935,-0.9906,0.7499360980232113
MEA_2015_YEMEN_CONFLICT,Conflict,-6,24,0.625,15.0,2.0,0.4166666666666667,0.0,0.6538625481582945,5.0,0.4166666666666667,10.0,0.9795,-0.09414166666666667,-0.9783,0.7743810739898176
MEA_2015_YEMEN_CONFLICT,Conflict,-5,24,0.625,15.0,2.0,0.4166666666666667,0.0,0.6538625481582945,8.0,1.2083333333333333,29.0,0.9524,-0.38175416666666667,-0.9908,0.7042762235886704
MEA_2015_YEMEN_CONFLICT,Conflict,-4,25,0.6,15.0,3.0,0.4,0.0,0.7637626158259733,5.0,0.72,18.0,0.9645,-0.32943600000000006,-0.9826,0.6495112738821397
MEA_2015_YEMEN_CONFLICT,Conflict,-3,23,0.7391304347826086,17.0,2.0,0.6086956521739131,0.0,0.7223151185146152,5.0,0.5652173913043478,13.0,0.9217,-0.20013478260869566,-0.9843,0.7215831033906034
MEA_2015_YEMEN_CONFLICT,Conflict,-2,33,0.2727272727272727,9.0,3.0,0.45454545454545453,0.0,0.7111130839619099,6.0,0.6363636363636364,21.0,0.9682,-0.12875757575757574,-0.957,0.6317054376993595
MEA_2015_YEMEN_CONFLICT,Conflict,-1,21,0.2857142857142857,6.0,2.0,0.38095238095238093,0.0,0.5895922723535711,5.0,0.42857142857142855,9.0,0.8607,-0.17259047619047618,-0.9714,0.6593516951557507
SAS_2020_INDOCHINA_NOCONFLICT,No Conflict,-12,22,0.18181818181818182,4.0,3.0,1.1363636363636365,0.0,0.5602256811793028,8.0,1.3636363636363635,30.0,0.9571,-0.27595,-0.9725,0.6226953208584819
SAS_2020_INDOCHINA_NOCONFLICT,No Conflict,-11,31,0.4838709677419355,15.0,2.0,0.8064516129032258,0.0,0.6541842165990494,4.0,0.7419354838709677,23.0,0.9425,-0.2541,-0.9798,0.5554001704476992
SAS_2020_INDOCHINA_NOCONFLICT,No Conflict,-10,28,0.35714285714285715,10.0,3.0,0.8928571428571429,0.0,0.6852566815265063,5.0,0.5,14.0,0.9226,-0.38573214285714286,-0.9934,0.6213408243787645
SAS_2020_INDOCHINA_NOCONFLICT,No Conflict,-9,25,0.4,10.0,2.0,0.64,0.0,0.7,5.0,0.52,13.0,0.8718,-0.13312,-0.9378,0.6930487332552211
SAS_2020_INDOCHINA_NOCONFLICT,No Conflict,-8,29,0.5517241379310345,16.0,2.0,0.8275862068965517,0.0,0.7105815283093027,5.0,0.7931034482758621,23.0,0.9153,-0.36057241379310345,-0.9837,0.6443613116304456
SAS_2020_INDOCHINA_NOCONFLICT,No Conflict,-7,14,0.2857142857142857,4.0,1.0,0.7142857142857143,0.0,0.4688072309384954,5.0,0.6428571428571429,9.0,0.936,-0.36070714285714284,-0.9746,0.6203959994220636
SAS_2020_INDOCHINA_NOCONFLICT,No Conflict,-6,30,0.3333333333333333,10.0,2.0,0.8333333333333334,0.0,0.6477192523656046,5.0,0.7333333333333333,22.0,0.9201,-0.23022666666666666,-0.9668,0.7143867150043545
SAS_2020_INDOCHINA_NOCONFLICT,No Conflict,-5,20,0.4,8.0,3.0,1.25,0.0,0.8506963092234008,5.0,0.95,19.0,0.9413,-0.17417,-0.9793,0.7006849784693772
SAS_2020_INDOCHINA_NOCONFLICT,No Conflict,-4,24,0.20833333333333334,5.0,2.0,1.0416666666666667,0.0,0.750603621828092,4.0,1.0833333333333333,26.0,0.7964,-0.40778333333333333,-0.9842,0.6331287194262465
SAS_2020_INDOCHINA_NOCONFLICT,No Conflict,-3,39,0.6153846153846154,24.0,3.0,1.1794871794871795,0.0,0.7904627183124041,4.0,0.9743589743589743,38.0,0.9355,-0.1247794871794872,-0.9666,0.695538231640371
SAS_2020_INDOCHINA_NOCONFLICT,No Conflict,-2,32,0.59375,19.0,5.0,1.3125,0.0,0.9979818344716921,5.0,1.03125,33.0,0.8402,-0.149175,-0.969,0.5770148200701999
SAS_2020_INDOCHINA_NOCONFLICT,No Conflict,-1,24,0.4583333333333333,11.0,2.0,1.0,0.0,0.5897678246195885,10.0,1.875,45.0,0.8689,-0.3766666666666667,-0.9806,0.7236831030383316
SAS_2019_PULWAMA_NOCONFLICT,No Conflict,-12,8,0.5,4.0,1.0,0.25,0.0,0.4629100498862757,1.0,0.25,2.0,0.8225,0.21782500000000002,-0.6808,0.6061542183541837
SAS_2019_PULWAMA_NOCONFLICT,No Conflict,-11,16,0.4375,7.0,1.0,0.5625,0.0,0.5123475382979799,5.0,0.5,8.0,0.9372,-0.13284375,-0.9664,0.7547109477309839
SAS_2019_PULWAMA_NOCONFLICT,No Conflict,-10,16,0.3125,5.0,2.0,0.5,0.0,0.6324555320336759,3.0,0.4375,7.0,0.9153,0.02256875,-0.9648,0.7197575255771904
SAS_2019_PULWAMA_NOCONFLICT,No Conflict,-9,10,0.5,5.0,1.0,0.6,0.0,0.5163977794943222,8.0,1.6,16.0,0.9602,0.03016000000000001,-0.9217,0.7237606467457164
SAS_2019_PULWAMA_NOCONFLICT,No Conflict,-8,26,0.5384615384615384,14.0,2.0,0.6153846153846154,0.0,0.6373020054525533,5.0,0.6923076923076923,18.0,0.9493,0.005030769230769226,-0.9809,0.7546610390204231
SAS_2019_PULWAMA_NOCONFLICT,No Conflict,-7,24,0.6666666666666666,16.0,2.0,0.5416666666666666,0.0,0.5882299658752717,6.0,0.7083333333333334,17.0,0.9571,0.169925,-0.9136,0.6645343412135853
SAS_2019_PULWAMA_NOCONFLICT,No Conflict,-6,11,0.36363636363636365,4.0,2.0,0.6363636363636364,0.0,0.674199862463242,10.0,1.0909090909090908,12.0,0.9538,0.002645454545454552,-0.9849,0.8283686043828995
SAS_2019_PULWAMA_NOCONFLICT,No Conflict,-5,16,0.1875,3.0,1.0,0.375,0.0,0.5,6.0,0.6875,11.0,0.9038,-0.14314375,-0.9485,0.7040219096673531
SAS_2019_PULWAMA_NOCONFLICT,No Conflict,-4,15,0.6,9.0,2.0,0.4,0.0,0.6324555320336759,4.0,0.7333333333333333,11.0,0.9666,0.12324666666666667,-0.9186,0.6730358617771383
SAS_2019_PULWAMA_NOCONFLICT,No Conflict,-3,23,0.13043478260869565,3.0,2.0,0.4782608695652174,0.0,0.6653478391304605,5.0,0.5217391304347826,12.0,0.9666,-0.09156521739130434,-0.9277,0.7243634795828402
SAS_2019_PULWAMA_NOCONFLICT,No Conflict,-2,14,0.5,7.0,1.0,0.42857142857142855,0.0,0.5135525910130955,0.0,0.0,0.0,0.8779,-0.05085714285714287,-0.9724,0.7653765254528556
SAS_2019_PULWAMA_NOCONFLICT,No Conflict,-1,17,0.7058823529411765,12.0,3.0,0.7647058823529411,0.0,1.0325582165612919,11.0,2.235294117647059,38.0,0.9772,-0.4065529411764706,-0.986,0.6468893482637188
AFR_2011_LIBYA_CONFLICT,Conflict,-11,7,0.42857142857142855,3.0,2.0,0.2857142857142857,0.0,0.7559289460184545,6.0,1.0,7.0,0.9068,0.4194,-0.2023,0.36126940547648556
AFR_2011_LIBYA_CONFLICT,Conflict,-10,11,0.0,0.0,2.0,0.6363636363636364,0.0,0.8090398349558905,5.0,0.7272727272727273,8.0,0.8506,-0.005736363636363631,-0.9571,0.7232411233782648
AFR_2011_LIBYA_CONFLICT,Conflict,-9,20,0.25,5.0,2.0,1.0,0.0,0.7947194142390264,6.0,1.25,25.0,0.7925,-0.34103,-0.9674,0.645030739455187
AFR_2011_LIBYA_CONFLICT,Conflict,-8,2,0.0,0.0,3.0,1.5,0.0,2.1213203435596424,0.0,0.0,0.0,0.9081,0.7839,0.6597,0.17564532444673842
AFR_2011_LIBYA_CONFLICT,Conflict,-7,2,0.0,0.0,0.0,0.0,0.0,0.0,0.0,0.0,0.0,0.2263,0.22035,0.2144,0.008414570696119922
AFR_2011_LIBYA_CONFLICT,Conflict,-5,1,1.0,1.0,0.0,0.0,0.0,,1.0,1.0,1.0,-0.5106,-0.5106,-0.5106,
AFR_2011_LIBYA_CONFLICT,Conflict,-4,5,0.0,0.0,2.0,0.6,0.0,0.8944271909999159,3.0,0.8,4.0,0.6908,-0.13090000000000004,-0.93,0.7774252439945593
AFR_2011_LIBYA_CONFLICT,Conflict,-3,4,0.75,3.0,2.0,0.5,0.0,1.0,4.0,1.25,5.0,0.1796,-0.6667000000000001,-0.9616,0.5644903187832365
AFR_2011_LIBYA_CONFLICT,Conflict,-2,5,0.2,1.0,0.0,0.0,0.0,0.0,2.0,0.8,4.0,-0.1563,-0.55604,-0.8591,0.3050305935475981
AFR_2011_LIBYA_CONFLICT,Conflict,-1,7,0.14285714285714285,1.0,1.0,0.2857142857142857,0.0,0.4879500364742666,6.0,1.1428571428571428,8.0,0.8957,0.06865714285714287,-0.8068,0.6410196483133801
EAS_2017_KOREA_NOCONFLICT,No Conflict,-12,40,0.4,16.0,2.0,0.375,0.0,0.5400617248673217,3.0,0.5,20.0,0.9641,-0.034440000000000005,-0.9805,0.7634869803265836
EAS_2017_KOREA_NOCONFLICT,No Conflict,-11,30,0.6333333333333333,19.0,1.0,0.4666666666666667,0.0,0.5074162634049248,5.0,0.8333333333333334,25.0,0.9517,-0.052306666666666654,-0.9715,0.7575868958618605
EAS_2017_KOREA_NOCONFLICT,No Conflict,-10,40,0.725,29.0,2.0,0.525,0.0,0.5986094998689324,5.0,0.6,24.0,0.9612,0.06895,-0.9808,0.7169978643175289
EAS_2017_KOREA_NOCONFLICT,No Conflict,-9,48,0.16666666666666666,8.0,2.0,0.7291666666666666,0.0,0.6437781874294353,8.0,1.0625,51.0,0.9733,-0.2514104166666667,-0.9846,0.6802381085746884
EAS_2017_KOREA_NOCONFLICT,No Conflict,-8,41,0.4878048780487805,20.0,2.0,0.4878048780487805,0.0,0.5532608435228448,5.0,0.7317073170731707,30.0,0.9468,-0.07574390243902439,-0.9738,0.6759485306030263
EAS_2017_KOREA_NOCONFLICT,No Conflict,-7,43,0.046511627906976744,2.0,4.0,0.6976744186046512,0.0,0.7725925347854465,5.0,0.627906976744186,27.0,0.9694,-0.07403720930232559,-0.9858,0.7579914781601803
EAS_2017_KOREA_NOCONFLICT,No Conflict,-6,40,0.475,19.0,1.0,0.45,0.0,0.5038314736557788,6.0,0.875,35.0,0.9325,-0.3900675,-0.9875,0.69010417102448
EAS_2017_KOREA_NOCONFLICT,No Conflict,-5,22,0.6818181818181818,15.0,1.0,0.45454545454545453,0.0,0.5096471914376255,3.0,0.5909090909090909,13.0,0.966,0.19869090909090908,-0.9633,0.7253377163573964
EAS_2017_KOREA_NOCONFLICT,No Conflict,-4,42,0.2857142857142857,12.0,2.0,0.3333333333333333,0.0,0.570265948512201,7.0,1.1428571428571428,48.0,0.9287,-0.17871428571428571,-0.9847,0.6670133437694861
EAS_2017_KOREA_NOCONFLICT,No Conflict,-3,34,0.4117647058823529,14.0,2.0,0.7058823529411765,0.0,0.6290643251160328,5.0,0.7647058823529411,26.0,0.9758,-0.21888235294117644,-0.9501,0.6469568246896216
EAS_2017_KOREA_NOCONFLICT,No Conflict,-2,34,0.38235294117647056,13.0,2.0,0.38235294117647056,0.0,0.603761235285532,9.0,1.2058823529411764,41.0,0.9788,0.009255882352941183,-0.9861,0.745008142803243
EAS_2017_KOREA_NOCONFLICT,No Conflict,-1,29,0.7586206896551724,22.0,2.0,0.3448275862068966,0.0,0.5526470114022356,5.0,0.3448275862068966,10.0,0.9694,-0.1654655172413793,-0.9843,0.6557485729388437
EAS_2012_SCARBOROUGH_NOCONFLICT,No Conflict,-12,7,1.0,7.0,1.0,0.7142857142857143,0.0,0.4879500364742666,4.0,0.8571428571428571,6.0,0.8625,0.05577142857142857,-0.9698,0.8077726303737658
EAS_2012_SCARBOROUGH_NOCONFLICT,No Conflict,-11,8,0.625,5.0,1.0,0.875,0.0,0.3535533905932738,0.0,0.0,0.0,0.9645,0.31238750000000004,-0.7202,0.5466178357800422
EAS_2012_SCARBOROUGH_NOCONFLICT,No Conflict,-10,8,0.125,1.0,1.0,0.625,0.0,0.5175491695067657,3.0,0.875,7.0,0.8857,0.103125,-0.886,0.5797180909718103
EAS_2012_SCARBOROUGH_NOCONFLICT,No Conflict,-9,6,-0.16666666666666666,-1.0,1.0,0.5,0.0,0.5477225575051661,7.0,1.8333333333333333,11.0,0.9382,-0.22441666666666668,-0.9612,0.834440508165002
EAS_2012_SCARBOROUGH_NOCONFLICT,No Conflict,-8,10,0.4,4.0,2.0,0.9,0.0,0.7378647873726218,1.0,0.1,1.0,0.745,-0.19892,-0.7783,0.5615795358728015
EAS_2012_SCARBOROUGH_NOCONFLICT,No Conflict,-7,6,0.5,3.0,1.0,0.6666666666666666,0.0,0.5163977794943223,4.0,1.0,6.0,0.2617,-0.03388333333333334,-0.4404,0.27143353821270255
EAS_2012_SCARBOROUGH_NOCONFLICT,No Conflict,-6,2,-0.5,-1.0,1.0,1.0,1.0,0.0,0.0,0.0,0.0,0.4767,0.41365,0.3506,0.08916616510762364
EAS_2012_SCARBOROUGH_NOCONFLICT,No Conflict,-5,3,1.0,3.0,1.0,1.0,1.0,0.0,1.0,0.3333333333333333,1.0,0.9231,0.3902666666666667,-0.2111,0.5701973547231988
EAS_2012_SCARBOROUGH_NOCONFLICT,No Conflict,-4,8,0.625,5.0,1.0,0.875,0.0,0.3535533905932738,5.0,1.0,8.0,0.9804,0.0873625,-0.9413,0.7017129570608932
EAS_2012_SCARBOROUGH_NOCONFLICT,No Conflict,-3,11,0.5454545454545454,6.0,2.0,1.0909090909090908,0.0,0.5393598899705937,0.0,0.0,0.0,0.9338,0.27590909090909094,-0.7657,0.6475711998761918
EAS_2012_SCARBOROUGH_NOCONFLICT,No Conflict,-2,24,0.7083333333333334,17.0,2.0,0.9583333333333334,0.0,0.35864075117838623,5.0,0.5416666666666666,13.0,0.9719,0.15452083333333333,-0.9451,0.7078788449391031
EAS_2012_SCARBOROUGH_NOCONFLICT,No Conflict,-1,11,0.18181818181818182,2.0,1.0,0.36363636363636365,0.0,0.504524979109513,3.0,0.5454545454545454,6.0,0.9127,-0.10420000000000003,-0.9481,0.6628425801048089
EUR_2014_DONBAS_CONFLICT,Conflict,-12,2,0.0,0.0,1.0,0.5,0.0,0.7071067811865476,0.0,0.0,0.0,0.644,-0.11835000000000001,-0.8807,1.078125709275129
EUR_2014_DONBAS_CONFLICT,Conflict,-11,4,0.25,1.0,1.0,0.5,0.0,0.5773502691896257,3.0,1.0,4.0,0.9062,0.31379999999999997,-0.128,0.4730150385206232
EUR_2014_DONBAS_CONFLICT,Conflict,-10,21,0.23809523809523808,5.0,3.0,1.0,0.0,0.8366600265340756,11.0,2.238095238095238,47.0,0.765,-0.3834666666666666,-0.9876,0.5764619452603384
EUR_2014_DONBAS_CONFLICT,Conflict,-9,20,0.05,1.0,3.0,1.3,0.0,1.0809352675491621,6.0,1.4,28.0,0.9559,-0.07076500000000001,-0.9754,0.6968709744467162
EUR_2014_DONBAS_CONFLICT,Conflict,-8,16,0.375,6.0,2.0,0.4375,0.0,0.6291528696058958,7.0,1.1875,19.0,0.9716,0.07840625000000001,-0.9686,0.730310666742814
EUR_2014_DONBAS_CONFLICT,Conflict,-7,6,0.6666666666666666,4.0,2.0,0.8333333333333334,0.0,0.983192080250175,4.0,0.8333333333333334,5.0,0.9203,0.043333333333333335,-0.9548,0.8722948140775953
EUR_2014_DONBAS_CONFLICT,Conflict,-6,41,0.3170731707317073,13.0,3.0,1.0975609756097562,0.0,0.8001524245036219,10.0,1.4146341463414633,58.0,0.7845,-0.38803658536585367,-0.9889,0.611817133119079
EUR_2014_DONBAS_CONFLICT,Conflict,-5,56,0.39285714285714285,22.0,4.0,1.4464285714285714,0.0,1.025486897343587,9.0,1.0,56.0,0.9294,-0.2261,-0.9782,0.6238866627841951
EUR_2014_DONBAS_CONFLICT,Conflict,-4,121,0.4380165289256198,53.0,3.0,1.43801652892562,0.0,0.8840490369456424,9.0,1.43801652892562,174.0,0.9756,-0.22494545454545453,-0.9806,0.6494639895072448
EUR_2014_DONBAS_CONFLICT,Conflict,-3,63,0.5396825396825397,34.0,3.0,1.0317460317460319,0.0,0.860762114832416,5.0,0.8253968253968254,52.0,0.9832,-0.013479365079365086,-0.969,0.7208419586886172
EUR_2014_DONBAS_CONFLICT,Conflict,-2,58,0.4827586206896552,28.0,3.0,1.2413793103448276,0.0,0.8441822541139559,8.0,1.0344827586206897,60.0,0.9246,-0.04044137931034483,-0.9698,0.6540347225168655
EUR_2014_DONBAS_CONFLICT,Conflict,-1,50,0.2,10.0,3.0,1.2,0.0,1.0101525445522108,7.0,1.22,61.0,0.9496,-0.11143800000000001,-0.9734,0.6969959921092277
MEA_2020_IRAN_NOCONFLICT,No Conflict,-12,18,0.3333333333333333,6.0,3.0,0.9444444444444444,0.0,0.8726040960806521,8.0,1.3333333333333333,24.0,0.989,-0.24104444444444445,-0.9601,0.7074697185140711
MEA_2020_IRAN_NOCONFLICT,No Conflict,-11,16,0.5,8.0,2.0,0.75,0.0,0.5773502691896257,8.0,1.625,26.0,0.9639,-0.23551875,-0.9711,0.6054843815423042
MEA_2020_IRAN_NOCONFLICT,No Conflict,-10,14,0.35714285714285715,5.0,1.0,0.6428571428571429,0.0,0.4972451580988469,3.0,0.9285714285714286,13.0,0.7845,-0.28131428571428574,-0.9413,0.7108418950654356
MEA_2020_IRAN_NOCONFLICT,No Conflict,-9,14,0.7857142857142857,11.0,2.0,1.0714285714285714,0.0,0.4746311465493234,5.0,0.7857142857142857,11.0,0.9718,0.21084999999999998,-0.9898,0.5878527572707041
MEA_2020_IRAN_NOCONFLICT,No Conflict,-8,10,0.2,2.0,2.0,0.8,0.0,0.6324555320336759,10.0,1.6,16.0,0.9403,0.11465999999999998,-0.9612,0.6486137015032737
MEA_2020_IRAN_NOCONFLICT,No Conflict,-7,8,0.375,3.0,2.0,1.0,0.0,0.7559289460184544,5.0,1.375,11.0,0.9274,-0.2663875,-0.9485,0.8044155632462969
MEA_2020_IRAN_NOCONFLICT,No Conflict,-6,6,0.3333333333333333,2.0,1.0,0.3333333333333333,0.0,0.5163977794943222,6.0,2.3333333333333335,14.0,0.6369,-0.29750000000000004,-0.9403,0.6002166175640258
MEA_2020_IRAN_NOCONFLICT,No Conflict,-5,16,0.375,6.0,1.0,0.5625,0.0,0.51234753829798,5.0,0.9375,15.0,0.8555,-0.3367,-0.9571,0.7038965889958553
MEA_2020_IRAN_NOCONFLICT,No Conflict,-4,14,0.14285714285714285,2.0,2.0,0.7857142857142857,0.0,0.6992932067530679,6.0,1.0714285714285714,15.0,0.9474,-0.19234285714285715,-0.9777,0.7837434634391003
MEA_2020_IRAN_NOCONFLICT,No Conflict,-3,7,0.0,0.0,1.0,0.2857142857142857,0.0,0.48795003647426666,4.0,1.0,7.0,0.9062,-0.31867142857142855,-0.9186,0.6328615138514
MEA_2020_IRAN_NOCONFLICT,No Conflict,-2,5,0.0,0.0,2.0,1.4,1.0,0.5477225575051661,13.0,2.6,13.0,0.8979,0.07428000000000001,-0.9501,0.881121823018815
MEA_2020_IRAN_NOCONFLICT,No Conflict,-1,15,0.4,6.0,2.0,0.7333333333333333,0.0,0.7988086367179803,12.0,3.466666666666667,52.0,0.9093,-0.29023333333333334,-0.9799,0.748629740322436
SAS_2025_PHALGAMA_NOCONFLICT,No Conflict,-12,1,1.0,1.0,0.0,0.0,0.0,,1.0,1.0,1.0,-0.8689,-0.8689,-0.8689,
SAS_2025_PHALGAMA_NOCONFLICT,No Conflict,-11,5,0.2,1.0,3.0,1.6,0.0,1.140175425099138,5.0,1.6,8.0,0.9607,0.85208,0.6597,0.12993337523515655
SAS_2025_PHALGAMA_NOCONFLICT,No Conflict,-10,6,0.5,3.0,1.0,0.3333333333333333,0.0,0.5163977794943222,3.0,0.5,3.0,0.9657,0.2803833333333333,-0.6705,0.707884262903666
SAS_2025_PHALGAMA_NOCONFLICT,No Conflict,-8,6,-0.16666666666666666,-1.0,2.0,1.0,0.0,0.6324555320336759,0.0,0.0,0.0,0.9694,0.3606666666666667,-0.5859,0.6444978003582841
SAS_2025_PHALGAMA_NOCONFLICT,No Conflict,-7,3,-0.3333333333333333,-1.0,1.0,0.6666666666666666,0.0,0.5773502691896258,5.0,1.6666666666666667,5.0,-0.128,-0.29086666666666666,-0.5423,0.2208940092744331
SAS_2025_PHALGAMA_NOCONFLICT,No Conflict,-6,3,0.3333333333333333,1.0,1.0,0.3333333333333333,0.0,0.5773502691896258,0.0,0.0,0.0,0.6908,-0.1514,-0.8718,0.7883883053419806
SAS_2025_PHALGAMA_NOCONFLICT,No Conflict,-5,3,0.3333333333333333,1.0,2.0,0.6666666666666666,0.0,1.1547005383792517,0.0,0.0,0.0,0.4939,-0.4346666666666667,-0.9321,0.8048453039766917
SAS_2025_PHALGAMA_NOCONFLICT,No Conflict,-4,5,0.6,3.0,2.0,0.8,0.0,0.8366600265340756,0.0,0.0,0.0,0.7441,-0.15194,-0.9147,0.7393440153271006
SAS_2025_PHALGAMA_NOCONFLICT,No Conflict,-3,3,0.3333333333333333,1.0,1.0,1.0,1.0,0.0,0.0,0.0,0.0,0.9675,0.6622666666666667,0.1027,0.48526677542701535
SAS_2025_PHALGAMA_NOCONFLICT,No Conflict,-2,2,0.0,0.0,1.0,0.5,0.0,0.7071067811865476,5.0,2.5,5.0,-0.4263,-0.7014,-0.9765,0.38905015100883844
SAS_2025_PHALGAMA_NOCONFLICT,No Conflict,-1,11,0.18181818181818182,2.0,3.0,2.0,0.0,1.0954451150103321,11.0,5.545454545454546,61.0,-0.656,-0.9208272727272728,-0.9801,0.09047627413757807
EUR_2021_UKRAINE_NOCONFLICT,No Conflict,-12,11,0.45454545454545453,5.0,2.0,1.1818181818181819,0.0,0.7507571935295483,3.0,0.36363636363636365,4.0,0.8377,-0.38640909090909087,-0.9792,0.6471272741193118
EUR_2021_UKRAINE_NOCONFLICT,No Conflict,-11,19,0.42105263157894735,8.0,4.0,1.105263157894737,0.0,1.1002392084403616,5.0,1.105263157894737,21.0,0.9597,-0.19028421052631578,-0.9861,0.7732326897607342
EUR_2021_UKRAINE_NOCONFLICT,No Conflict,-10,7,0.42857142857142855,3.0,1.0,0.5714285714285714,0.0,0.5345224838248488,2.0,0.2857142857142857,2.0,0.7579,0.011171428571428563,-0.9253,0.6580753141150479
EUR_2021_UKRAINE_NOCONFLICT,No Conflict,-9,17,0.8235294117647058,14.0,2.0,0.5882352941176471,0.0,0.7122871199007256,6.0,1.6470588235294117,28.0,0.91,-0.07078823529411767,-0.9485,0.6589647959890886
EUR_2021_UKRAINE_NOCONFLICT,No Conflict,-8,10,0.7,7.0,2.0,0.8,0.0,0.7888106377466155,5.0,1.8,18.0,0.6705,-0.21303,-0.9731,0.644815817027536
EUR_2021_UKRAINE_NOCONFLICT,No Conflict,-7,12,0.3333333333333333,4.0,2.0,0.75,0.0,0.753778361444409,1.0,0.16666666666666666,2.0,0.8442,-0.04335,-0.9201,0.6600563839551892
EUR_2021_UKRAINE_NOCONFLICT,No Conflict,-6,8,0.75,6.0,1.0,0.25,0.0,0.4629100498862757,3.0,0.75,6.0,0.8658,-0.31413749999999996,-0.872,0.680497716879764
EUR_2021_UKRAINE_NOCONFLICT,No Conflict,-5,8,0.375,3.0,1.0,0.5,0.0,0.5345224838248488,3.0,0.75,6.0,0.9628,-0.021800000000000007,-0.9656,0.8538175365464719
EUR_2021_UKRAINE_NOCONFLICT,No Conflict,-4,7,0.7142857142857143,5.0,3.0,1.1428571428571428,0.0,1.2149857925879117,5.0,0.7142857142857143,5.0,0.9287,0.056085714285714294,-0.9578,0.9161230038020212
EUR_2021_UKRAINE_NOCONFLICT,No Conflict,-3,6,0.3333333333333333,2.0,4.0,1.5,0.0,1.6431676725154984,5.0,1.6666666666666667,10.0,0.1531,-0.5472666666666667,-0.9455,0.45821390492505426
EUR_2021_UKRAINE_NOCONFLICT,No Conflict,-2,16,0.5625,9.0,2.0,0.625,0.0,0.7187952884282609,5.0,0.4375,7.0,0.9628,-0.17254375,-0.9473,0.6470381832820997
EUR_2021_UKRAINE_NOCONFLICT,No Conflict,-1,14,0.21428571428571427,3.0,4.0,1.0,0.0,1.176696810829104,9.0,1.7857142857142858,25.0,0.9134,0.05867142857142856,-0.9766,0.749450354930528
EUR_2014_CRIMEA_CONFLICT,Conflict,-12,3,0.3333333333333333,1.0,1.0,0.6666666666666666,0.0,0.5773502691896258,1.0,0.3333333333333333,1.0,0.0,-0.43179999999999996,-0.6705,0.3746441912001306
EUR_2014_CRIMEA_CONFLICT,Conflict,-11,7,0.2857142857142857,2.0,3.0,1.4285714285714286,0.0,0.9759000729485332,3.0,0.8571428571428571,6.0,0.7096,0.18125714285714287,-0.8173,0.551161926772713
EUR_2014_CRIMEA_CONFLICT,Conflict,-10,11,0.45454545454545453,5.0,4.0,1.8181818181818181,0.0,1.1677484162422844,1.0,0.6363636363636364,7.0,0.872,0.027718181818181822,-0.9657,0.7191460405483462
EUR_2014_CRIMEA_CONFLICT,Conflict,-9,14,0.35714285714285715,5.0,3.0,1.5714285714285714,0.0,0.7559289460184544,1.0,0.07142857142857142,1.0,0.9245,0.03253571428571428,-0.9491,0.6563639229845013
EUR_2014_CRIMEA_CONFLICT,Conflict,-8,7,0.2857142857142857,2.0,2.0,1.1428571428571428,0.0,0.6900655593423543,5.0,1.4285714285714286,10.0,0.908,-0.14214285714285715,-0.9686,0.7345042429129616
EUR_2014_CRIMEA_CONFLICT,Conflict,-7,3,0.6666666666666666,2.0,1.0,0.6666666666666666,0.0,0.5773502691896258,1.0,0.3333333333333333,1.0,0.5994,0.24666666666666667,0.0,0.3134608322156587
EUR_2014_CRIMEA_CONFLICT,Conflict,-6,6,0.5,3.0,1.0,0.8333333333333334,0.0,0.408248290463863,4.0,0.6666666666666666,4.0,0.791,-0.1314833333333333,-0.8934,0.6866041608282509
EUR_2014_CRIMEA_CONFLICT,Conflict,-5,9,0.3333333333333333,3.0,1.0,1.0,1.0,0.0,5.0,1.6666666666666667,15.0,0.8225,-0.20225555555555555,-0.9081,0.6322230759611498
EUR_2014_CRIMEA_CONFLICT,Conflict,-4,7,0.8571428571428571,6.0,2.0,1.2857142857142858,1.0,0.4879500364742666,8.0,1.7142857142857142,12.0,0.8426,-0.0021714285714285702,-0.9313,0.8389602706411584
EUR_2014_CRIMEA_CONFLICT,Conflict,-3,16,0.25,4.0,2.0,1.1875,0.0,0.6551081335677849,5.0,0.75,12.0,0.9022,-0.1006125,-0.9652,0.6983362779969737
EUR_2014_CRIMEA_CONFLICT,Conflict,-2,18,0.5,9.0,2.0,1.1666666666666667,0.0,0.7071067811865476,6.0,0.8888888888888888,16.0,0.9623,0.0628111111111111,-0.9571,0.7273047187987495
EUR_2014_CRIMEA_CONFLICT,Conflict,-1,23,0.43478260869565216,10.0,3.0,1.0869565217391304,0.0,0.7927537436201204,6.0,0.6956521739130435,16.0,0.9159,-0.07584347826086957,-0.9889,0.7052044666916804
EUR_2015_TURKEYRUSSIA_NOCONFLICT,No Conflict,-12,12,0.5,6.0,1.0,0.16666666666666666,0.0,0.3892494720807615,5.0,1.6666666666666667,20.0,0.9468,-0.035583333333333335,-0.9712,0.6656609317517487
EUR_2015_TURKEYRUSSIA_NOCONFLICT,No Conflict,-11,70,0.6142857142857143,43.0,1.0,0.34285714285714286,0.0,0.4780914437337575,5.0,0.8428571428571429,59.0,0.91,-0.36811571428571427,-0.9768,0.6140775225185545
EUR_2015_TURKEYRUSSIA_NOCONFLICT,No Conflict,-10,69,0.391304347826087,27.0,2.0,0.30434782608695654,0.0,0.4942120236261712,10.0,1.1594202898550725,80.0,0.9537,-0.2442753623188406,-0.9761,0.6894562003334045
EUR_2015_TURKEYRUSSIA_NOCONFLICT,No Conflict,-9,30,0.3333333333333333,10.0,2.0,0.3,0.0,0.5349830806219241,13.0,1.8666666666666667,56.0,0.9002,-0.26491333333333333,-0.9477,0.656458166187323
EUR_2015_TURKEYRUSSIA_NOCONFLICT,No Conflict,-8,17,0.5882352941176471,10.0,2.0,0.5294117647058824,0.0,0.7998161553463028,4.0,0.8823529411764706,15.0,0.9081,-0.42477647058823526,-0.9686,0.770069262736648
EUR_2015_TURKEYRUSSIA_NOCONFLICT,No Conflict,-7,28,0.42857142857142855,12.0,3.0,1.1071428571428572,0.0,0.7373267889143822,11.0,3.0,84.0,0.8442,-0.35973214285714283,-0.9607,0.6161271724508465
EUR_2015_TURKEYRUSSIA_NOCONFLICT,No Conflict,-6,42,0.40476190476190477,17.0,3.0,0.8809523809523809,0.0,0.7054623445856902,17.0,3.5714285714285716,150.0,0.9802,-0.3472047619047619,-0.98,0.6551659219942876
EUR_2015_TURKEYRUSSIA_NOCONFLICT,No Conflict,-5,27,0.5555555555555556,15.0,3.0,0.7037037037037037,0.0,0.8234456132997965,11.0,1.962962962962963,53.0,0.9382,-0.13987777777777777,-0.9776,0.6887692777329125
EUR_2015_TURKEYRUSSIA_NOCONFLICT,No Conflict,-4,22,0.5909090909090909,13.0,3.0,0.6818181818181818,0.0,0.7798878818298873,5.0,0.7272727272727273,16.0,0.9638,0.17158636363636365,-0.9648,0.6958257973669741
EUR_2015_TURKEYRUSSIA_NOCONFLICT,No Conflict,-3,41,0.5365853658536586,22.0,2.0,0.43902439024390244,0.0,0.5936657514041415,3.0,0.5365853658536586,22.0,0.9834,0.04942926829268293,-0.9862,0.767249992911014
EUR_2015_TURKEYRUSSIA_NOCONFLICT,No Conflict,-2,21,0.38095238095238093,8.0,2.0,0.5238095238095238,0.0,0.6015852075182383,6.0,1.0952380952380953,23.0,0.8119,-0.4248952380952381,-0.9805,0.5935806857337851
EUR_2015_TURKEYRUSSIA_NOCONFLICT,No Conflict,-1,60,0.7666666666666667,46.0,3.0,0.6333333333333333,0.0,0.822700527647874,10.0,2.3333333333333335,140.0,0.9531,-0.1842133333333333,-0.9941,0.7220172763008073
EUR_2022_UKRAINE_CONFLICT,Conflict,-12,9,0.2222222222222222,2.0,4.0,1.3333333333333333,0.0,1.8027756377319946,11.0,2.4444444444444446,22.0,0.6705,-0.26382222222222224,-0.7783,0.5728289508609393
EUR_2022_UKRAINE_CONFLICT,Conflict,-11,17,0.47058823529411764,8.0,6.0,2.1176470588235294,0.0,2.088131728997732,12.0,3.9411764705882355,67.0,0.9459,-0.1666058823529412,-0.9413,0.6339737568213967
EUR_2022_UKRAINE_CONFLICT,Conflict,-10,23,0.5217391304347826,12.0,4.0,1.1304347826086956,0.0,1.217461883894185,9.0,1.7826086956521738,41.0,0.8858,-0.003395652173913046,-0.9698,0.7025920990927167
EUR_2022_UKRAINE_CONFLICT,Conflict,-9,15,0.8666666666666667,13.0,4.0,1.3333333333333333,0.0,1.5886502207249786,11.0,2.6666666666666665,40.0,0.9752,-0.09746,-0.9083,0.6358787022695445
EUR_2022_UKRAINE_CONFLICT,Conflict,-8,11,1.0,11.0,4.0,1.4545454545454546,0.0,1.6348477827391985,11.0,3.272727272727273,36.0,0.9428,-0.14070000000000002,-0.9625,0.6738934856488821
EUR_2022_UKRAINE_CONFLICT,Conflict,-7,12,0.6666666666666666,8.0,4.0,2.0833333333333335,0.0,1.7298624923456323,7.0,3.5,42.0,0.9257,-0.19615000000000002,-0.9796,0.7448018095134742
EUR_2022_UKRAINE_CONFLICT,Conflict,-6,15,0.26666666666666666,4.0,5.0,1.4666666666666666,0.0,1.5055453054181622,12.0,2.466666666666667,37.0,0.8608,-0.44569333333333333,-0.9607,0.5736946082401416
EUR_2022_UKRAINE_CONFLICT,Conflict,-5,21,0.19047619047619047,4.0,4.0,1.4761904761904763,0.0,1.3645163106041502,14.0,3.3333333333333335,70.0,0.8847,-0.21704761904761904,-0.9813,0.7231837274296536
EUR_2022_UKRAINE_CONFLICT,Conflict,-4,57,0.3333333333333333,19.0,5.0,2.0701754385964914,0.0,1.5908179513652607,17.0,4.491228070175438,256.0,0.9382,-0.2890438596491228,-0.9702,0.6222719301127647
EUR_2022_UKRAINE_CONFLICT,Conflict,-3,59,0.7796610169491526,46.0,5.0,2.0677966101694913,0.0,1.4367636858418393,22.0,2.9152542372881354,172.0,0.9652,-0.2174084745762712,-0.9615,0.6567768805226112
EUR_2022_UKRAINE_CONFLICT,Conflict,-2,44,0.5681818181818182,25.0,5.0,2.090909090909091,0.0,1.3946439375244037,14.0,3.1818181818181817,140.0,0.9713,-0.30364772727272726,-0.9851,0.6672581723736066
EUR_2022_UKRAINE_CONFLICT,Conflict,-1,69,0.4057971014492754,28.0,4.0,1.8695652173913044,0.0,1.4133090444920273,17.0,4.217391304347826,291.0,0.9612,-0.24286666666666665,-0.9801,0.6599122374061807
MEA_2023_GAZA_CONFLICT,Conflict,-12,4,1.5,6.0,1.0,0.25,0.0,0.5,5.0,2.5,10.0,0.7096,-0.124575,-0.9618,0.7071907539695355
MEA_2023_GAZA_CONFLICT,Conflict,-11,7,0.7142857142857143,5.0,2.0,0.7142857142857143,0.0,0.9511897312113418,5.0,2.142857142857143,15.0,0.8248,-0.2238857142857143,-0.9194,0.7423936386863136
MEA_2023_GAZA_CONFLICT,Conflict,-10,3,0.0,0.0,1.0,0.6666666666666666,0.0,0.5773502691896258,0.0,0.0,0.0,0.8223,-0.058999999999999976,-0.8462,0.8382208360569428
MEA_2023_GAZA_CONFLICT,Conflict,-9,5,0.0,0.0,1.0,0.2,0.0,0.447213595499958,15.0,7.0,35.0,-0.8316,-0.9165599999999999,-0.9655,0.05157957929258439
MEA_2023_GAZA_CONFLICT,Conflict,-8,8,0.625,5.0,1.0,0.5,0.0,0.5345224838248488,6.0,2.375,19.0,0.6378,-0.14805,-0.9413,0.6121155376467513
MEA_2023_GAZA_CONFLICT,Conflict,-7,4,1.0,4.0,0.0,0.0,0.0,0.0,3.0,1.5,6.0,0.9828,0.60685,0.284,0.3753077448352663
MEA_2023_GAZA_CONFLICT,Conflict,-6,3,0.0,0.0,2.0,0.6666666666666666,0.0,1.1547005383792517,0.0,0.0,0.0,0.8765,0.326,-0.2023,0.5397425219491234
MEA_2023_GAZA_CONFLICT,Conflict,-5,1,-1.0,-1.0,0.0,0.0,0.0,,0.0,0.0,0.0,-0.93,-0.93,-0.93,
MEA_2023_GAZA_CONFLICT,Conflict,-4,4,0.75,3.0,0.0,0.0,0.0,0.0,10.0,2.5,10.0,0.8271,-0.20950000000000002,-0.8979,0.8118164283465402
MEA_2023_GAZA_CONFLICT,Conflict,-3,8,0.75,6.0,1.0,0.125,0.0,0.3535533905932738,4.0,0.875,7.0,0.4939,-0.2437875,-0.91,0.5206387819304282
MEA_2023_GAZA_CONFLICT,Conflict,-2,12,0.3333333333333333,4.0,2.0,0.5,0.0,0.7977240352174656,7.0,3.0833333333333335,37.0,0.8271,-0.562625,-0.9643,0.5894457028352222
MEA_2023_GAZA_CONFLICT,Conflict,-1,3,0.3333333333333333,1.0,1.0,0.3333333333333333,0.0,0.5773502691896258,1.0,0.3333333333333333,1.0,0.7579,0.2719,-0.5106,0.6842567135220523
